date,predicted_sales,lower_80,upper_80,currency,scope,model,training_cutoff,horizon_days,generated_at,dataset_id
2026-01-01,43296.27959424355,41577.24263345765,45015.31655502944,USD,All sales,Ridge regression,2025-12-31,30,2026-09-30T13:59:38.224430+00:00,919b5dad5765a777f7cc
2026-01-02,48072.198436196595,46260.63935950387,49883.75751288932,USD,All sales,Ridge regression,2025-12-31,30,2026-09-30T13:59:38.224430+00:00,919b5dad5765a777f7cc
2026-01-03,53503.83163275995,51234.120080236,55773.5431852839,USD,All sales,Ridge regression,2025-12-31,30,2026-09-30T13:59:38.224430+00:00,919b5dad5765a777f7cc
2026-01-04,48427.93898264943,46062.90999739316,50792.9679679057,USD,All sales,Ridge regression,2025-12-31,30,2026-09-30T13:59:38.224430+00:00,919b5dad5765a777f7cc
2026-01-05,38023.76496179926,36016.869944818274,40030.65997878024,USD,All sales,Ridge regression,2025-12-31,30,2026-09-30T13:59:38.224430+00:00,919b5dad5765a777f7cc
2026-01-06,36659.870991690346,34845.39928227822,38474.342701102476,USD,All sales,Ridge regression,2025-12-31,30,2026-09-30T13:59:38.224430+00:00,919b5dad5765a777f7cc
2026-01-07,39327.983014924954,37633.57186755985,41022.39416229006,USD,All sales,Ridge regression,2025-12-31,30,2026-09-30T13:59:38.224430+00:00,919b5dad5765a777f7cc
2026-01-08,42693.41616331118,39830.12872588934,45556.70360073302,USD,All sales,Ridge regression,2025-12-31,30,2026-09-30T13:59:38.224430+00:00,919b5dad5765a777f7cc
2026-01-09,48131.418922682955,44918.39702292187,51344.44082244404,USD,All sales,Ridge regression,2025-12-31,30,2026-09-30T13:59:38.224430+00:00,919b5dad5765a777f7cc
2026-01-10,53683.13864954166,50849.22079348054,56517.05650560278,USD,All sales,Ridge regression,2025-12-31,30,2026-09-30T13:59:38.224430+00:00,919b5dad5765a777f7cc
2026-01-11,49421.63190555929,46636.59354220631,52206.67026891227,USD,All sales,Ridge regression,2025-12-31,30,2026-09-30T13:59:38.224430+00:00,919b5dad5765a777f7cc
2026-01-12,39649.33768125686,36555.93793337779,42742.73742913593,USD,All sales,Ridge regression,2025-12-31,30,2026-09-30T13:59:38.224430+00:00,919b5dad5765a777f7cc
2026-01-13,36931.70678740942,34334.46145037636,39528.95212444248,USD,All sales,Ridge regression,2025-12-31,30,2026-09-30T13:59:38.224430+00:00,919b5dad5765a777f7cc
2026-01-14,39221.92619473857,36460.517542743895,41983.33484673324,USD,All sales,Ridge regression,2025-12-31,30,2026-09-30T13:59:38.224430+00:00,919b5dad5765a777f7cc
2026-01-15,42790.85180093622,39387.36272126848,46194.340880603966,USD,All sales,Ridge regression,2025-12-31,30,2026-09-30T13:59:38.224430+00:00,919b5dad5765a777f7cc
2026-01-16,47800.79082018137,44724.277101857515,50877.304538505225,USD,All sales,Ridge regression,2025-12-31,30,2026-09-30T13:59:38.224430+00:00,919b5dad5765a777f7cc
2026-01-17,52807.11060871002,50490.886760024405,55123.334457395635,USD,All sales,Ridge regression,2025-12-31,30,2026-09-30T13:59:38.224430+00:00,919b5dad5765a777f7cc
2026-01-18,49242.91140518608,45240.933737405314,53244.88907296685,USD,All sales,Ridge regression,2025-12-31,30,2026-09-30T13:59:38.224430+00:00,919b5dad5765a777f7cc
2026-01-19,39651.88814994418,35387.4249227494,43916.351377138955,USD,All sales,Ridge regression,2025-12-31,30,2026-09-30T13:59:38.224430+00:00,919b5dad5765a777f7cc
2026-01-20,36587.75908251159,33612.26001086226,39563.258154160925,USD,All sales,Ridge regression,2025-12-31,30,2026-09-30T13:59:38.224430+00:00,919b5dad5765a777f7cc
2026-01-21,38802.86059962077,34554.978827729254,43050.742371512286,USD,All sales,Ridge regression,2025-12-31,30,2026-09-30T13:59:38.224430+00:00,919b5dad5765a777f7cc
2026-01-22,42514.30824248139,38370.691996567744,46657.92448839504,USD,All sales,Ridge regression,2025-12-31,30,2026-09-30T13:59:38.224430+00:00,919b5dad5765a777f7cc
2026-01-23,47342.85542872772,42678.0529265454,52007.65793091004,USD,All sales,Ridge regression,2025-12-31,30,2026-09-30T13:59:38.224430+00:00,919b5dad5765a777f7cc
2026-01-24,52214.70994142663,49385.73120477842,55043.68867807483,USD,All sales,Ridge regression,2025-12-31,30,2026-09-30T13:59:38.224430+00:00,919b5dad5765a777f7cc
2026-01-25,48981.13030508117,45350.0918475478,52612.168762614536,USD,All sales,Ridge regression,2025-12-31,30,2026-09-30T13:59:38.224430+00:00,919b5dad5765a777f7cc
2026-01-26,40037.62736158369,34737.39328320829,45337.861439959095,USD,All sales,Ridge regression,2025-12-31,30,2026-09-30T13:59:38.224430+00:00,919b5dad5765a777f7cc
2026-01-27,36677.994477731554,32621.688271315128,40734.30068414798,USD,All sales,Ridge regression,2025-12-31,30,2026-09-30T13:59:38.224430+00:00,919b5dad5765a777f7cc
2026-01-28,38554.1774943056,34611.206637364885,42497.14835124632,USD,All sales,Ridge regression,2025-12-31,30,2026-09-30T13:59:38.224430+00:00,919b5dad5765a777f7cc
2026-01-29,42270.09871555111,37607.091537734756,46933.105893367465,USD,All sales,Ridge regression,2025-12-31,30,2026-09-30T13:59:38.224430+00:00,919b5dad5765a777f7cc
2026-01-30,46858.492859824444,41934.245347641445,51782.74037200744,USD,All sales,Ridge regression,2025-12-31,30,2026-09-30T13:59:38.224430+00:00,919b5dad5765a777f7cc
